{
  "dynamic: hello world" : {
    "transaction" : "dynamic: hello world",
    "sampleCount" : 100000,
    "errorCount" : 0,
    "errorPct" : 0.0,
    "meanResTime" : 935.3196799999911,
    "medianResTime" : 896.0,
    "minResTime" : 6.0,
    "maxResTime" : 1830.0,
    "pct1ResTime" : 941.0,
    "pct2ResTime" : 949.0,
    "pct3ResTime" : 963.0,
    "throughput" : 1038.5725858380242,
    "receivedKBytesPerSec" : 422.93434403755475,
    "sentKBytesPerSec" : 127.79311114803814
  },
  "Total" : {
    "transaction" : "Total",
    "sampleCount" : 300000,
    "errorCount" : 0,
    "errorPct" : 0.0,
    "meanResTime" : 314.91289999999776,
    "medianResTime" : 5.0,
    "minResTime" : 0.0,
    "maxResTime" : 1830.0,
    "pct1ResTime" : 886.0,
    "pct2ResTime" : 904.0,
    "pct3ResTime" : 935.0,
    "throughput" : 3109.8395322801343,
    "receivedKBytesPerSec" : 131045.51995221213,
    "sentKBytesPerSec" : 392.7792117593399
  },
  "static: get from cache" : {
    "transaction" : "static: get from cache",
    "sampleCount" : 100000,
    "errorCount" : 0,
    "errorPct" : 0.0,
    "meanResTime" : 7.542340000000079,
    "medianResTime" : 5.0,
    "minResTime" : 0.0,
    "maxResTime" : 668.0,
    "pct1ResTime" : 8.0,
    "pct2ResTime" : 9.0,
    "pct3ResTime" : 23.0,
    "throughput" : 1039.555070429856,
    "receivedKBytesPerSec" : 731.9523493944592,
    "sentKBytesPerSec" : 118.77728832059879
  },
  "static: get medium file" : {
    "transaction" : "static: get medium file",
    "sampleCount" : 100000,
    "errorCount" : 0,
    "errorPct" : 0.0,
    "meanResTime" : 1.8766799999999972,
    "medianResTime" : 1.0,
    "minResTime" : 0.0,
    "maxResTime" : 521.0,
    "pct1ResTime" : 2.0,
    "pct2ResTime" : 2.0,
    "pct3ResTime" : 4.0,
    "throughput" : 1040.6476991279371,
    "receivedKBytesPerSec" : 130399.05099433889,
    "sentKBytesPerSec" : 147.35734020854582
  }
}